{"cameraMode":{"drawMode":0,"name":"Shaded","section":"Shading Mode"},"sceneLighting":true,"audioPlay":false,"sceneViewState":{"m_AlwaysRefresh":false,"showFog":true,"showSkybox":true,"showFlares":true,"showImageEffects":true,"showParticleSystems":true,"showVisualEffectGraphs":true,"m_FxEnabled":true},"in2DMode":false,"pivot":{"x":0.27525103092193606,"y":3.557853937149048,"z":1.7916812896728516},"rotation":{"x":0.1286420077085495,"y":-1.2766861345880899e-7,"z":0.0000010062796036436339,"w":0.9916852116584778},"size":5.981545925140381,"orthographic":true}